Configuration,AUC-ROC,KS-Statistic,Delta-AUC
FULL,0.8892483581666527,0.6263492828044301,0.0
NO_UPI,0.8894379414676852,0.6252203840759247,0.0001895833010324699
NO_GST,0.8879005757935653,0.6214133915985841,-0.0013477823730874139
BUREAU_ONLY,0.8456338880356128,0.5535200168498365,-0.04361447013103992
NO_GEO,0.8896816252829207,0.626586999332707,0.0004332671162680102
